{"cameraMode":{"drawMode":0,"name":"Shaded","section":"Shading Mode"},"sceneLighting":false,"audioPlay":false,"sceneViewState":{"m_AlwaysRefresh":false,"showFog":true,"showSkybox":false,"showFlares":true,"showImageEffects":true,"showParticleSystems":true,"showVisualEffectGraphs":true,"m_FxEnabled":true},"in2DMode":false,"pivot":{"x":-3.163726568222046,"y":0.054269254207611087,"z":1.1018149852752686},"rotation":{"x":-0.381173700094223,"y":0.026651108637452127,"z":-0.01094514038413763,"w":-0.9241076111793518},"size":0.5173555016517639,"orthographic":false}