{"cameraMode":{"drawMode":0,"name":"Shaded","section":"Shading Mode"},"sceneLighting":false,"audioPlay":false,"sceneViewState":{"m_AlwaysRefresh":false,"showFog":true,"showSkybox":false,"showFlares":true,"showImageEffects":true,"showParticleSystems":true,"showVisualEffectGraphs":true,"m_FxEnabled":true},"in2DMode":false,"pivot":{"x":0.12761050462722779,"y":0.735739529132843,"z":0.2240140289068222},"rotation":{"x":-0.3025810718536377,"y":-0.07678644359111786,"z":0.02454124204814434,"w":-0.9497838616371155},"size":1.299038052558899,"orthographic":false}