{"cameraMode":{"drawMode":0,"name":"Shaded","section":"Shading Mode"},"sceneLighting":false,"audioPlay":false,"sceneViewState":{"m_AlwaysRefresh":false,"showFog":true,"showSkybox":false,"showFlares":true,"showImageEffects":true,"showParticleSystems":true,"showVisualEffectGraphs":true,"m_FxEnabled":true},"in2DMode":false,"pivot":{"x":-0.005835713353008032,"y":0.38606223464012148,"z":0.4095246195793152},"rotation":{"x":-0.3221450746059418,"y":-0.22177787125110627,"z":0.07799757272005081,"w":-0.9171136617660523},"size":1.299038052558899,"orthographic":false}