{"cameraMode":{"drawMode":0,"name":"Shaded","section":"Shading Mode"},"sceneLighting":false,"audioPlay":false,"sceneViewState":{"m_AlwaysRefresh":false,"showFog":true,"showSkybox":false,"showFlares":true,"showImageEffects":true,"showParticleSystems":true,"showVisualEffectGraphs":true,"m_FxEnabled":true},"in2DMode":false,"pivot":{"x":-0.5667709112167358,"y":-0.10623462498188019,"z":0.12799233198165894},"rotation":{"x":-0.46249207854270937,"y":0.03618269041180611,"z":-0.018865494057536126,"w":-0.885732889175415},"size":2.188322067260742,"orthographic":false}