{"cameraMode":{"drawMode":0,"name":"Shaded","section":"Shading Mode"},"sceneLighting":false,"audioPlay":false,"sceneViewState":{"m_AlwaysRefresh":false,"showFog":true,"showSkybox":false,"showFlares":true,"showImageEffects":true,"showParticleSystems":true,"showVisualEffectGraphs":true,"m_FxEnabled":true},"in2DMode":false,"pivot":{"x":-3.20796275138855,"y":0.05000000074505806,"z":1.2405873537063599},"rotation":{"x":-0.31902438402175906,"y":-0.24735072255134583,"z":0.08672170341014862,"w":-0.9108511209487915},"size":0.5003015995025635,"orthographic":false}