{"cameraMode":{"drawMode":0,"name":"Shaded","section":"Shading Mode"},"sceneLighting":true,"audioPlay":false,"sceneViewState":{"m_AlwaysRefresh":false,"showFog":true,"showSkybox":true,"showFlares":true,"showImageEffects":true,"showParticleSystems":true,"showVisualEffectGraphs":true,"m_FxEnabled":true},"in2DMode":false,"pivot":{"x":688.2329711914063,"y":585.9122314453125,"z":-118.38864135742188},"rotation":{"x":-0.07972297817468643,"y":-0.0077783213928341869,"z":0.0006217646296136081,"w":-0.9967893958091736},"size":421.9740295410156,"orthographic":false}