{"cameraMode":{"drawMode":0,"name":"Shaded","section":"Shading Mode"},"sceneLighting":false,"audioPlay":false,"sceneViewState":{"m_AlwaysRefresh":false,"showFog":true,"showSkybox":false,"showFlares":true,"showImageEffects":true,"showParticleSystems":true,"showVisualEffectGraphs":true,"m_FxEnabled":true},"in2DMode":false,"pivot":{"x":-3.21000075340271,"y":0.2892141342163086,"z":1.2405871152877808},"rotation":{"x":-0.35605522990226748,"y":0.029734119772911073,"z":-0.011303836479783059,"w":-0.9339761137962341},"size":0.5173555016517639,"orthographic":false}