{"cameraMode":{"drawMode":0,"name":"Shaded","section":"Shading Mode"},"sceneLighting":false,"audioPlay":false,"sceneViewState":{"m_AlwaysRefresh":false,"showFog":true,"showSkybox":false,"showFlares":true,"showImageEffects":true,"showParticleSystems":true,"showVisualEffectGraphs":true,"m_FxEnabled":true},"in2DMode":false,"pivot":{"x":-3.21000075340271,"y":0.2892141342163086,"z":1.2405871152877808},"rotation":{"x":-0.24751994013786317,"y":0.027917947620153428,"z":-0.007116813212633133,"w":-0.9684951305389404},"size":0.5173555016517639,"orthographic":false}