{"cameraMode":{"drawMode":0,"name":"Shaded","section":"Shading Mode"},"sceneLighting":false,"audioPlay":false,"sceneViewState":{"m_AlwaysRefresh":false,"showFog":true,"showSkybox":false,"showFlares":true,"showImageEffects":true,"showParticleSystems":true,"showVisualEffectGraphs":true,"m_FxEnabled":true},"in2DMode":false,"pivot":{"x":-3.608734130859375,"y":0.7899490594863892,"z":2.258946657180786},"rotation":{"x":-0.01737241819500923,"y":0.07672549784183502,"z":-0.0012712756870314479,"w":-0.9969702959060669},"size":1.4238481521606446,"orthographic":false}